ip,value
ip_0,23.106.122.18,海莲花
ip_1,139.162.58.101,
ip_2,82.148.14.166,
ip_3,86.105.18.241,
ip_4,94.158.244.27,
ip_5,5.181.156.198,
ip_6,104.237.218.74,
ip_7,88.150.227.111,
ip_8,185.47.128.79,
ip_9,45.32.56.183,
ip_10,51.255.58.135,
ip_11,210.16.100.77,
ip_12,104.216.33.80,
ip_13,83.149.110.52,
ip_14,5.79.75.210,
ip_15,49.213.174.248,
ip_16,59.5.151.144,
ip_17,141.95.1.110,
ip_18,104.149.168.203,
ip_19,45.153.231.59,
ip_20,203.86.24.140,
ip_21,5.188.33.32,
ip_22,217.12.199.132,
ip_23,194.156.98.15,
ip_24,92.38.178.148,
ip_25,185.163.45.23,
ip_26,51.68.199.96,
ip_27,107.160.141.35,
ip_28,45.150.65.88,
ip_29,195.123.244.189,
ip_30,185.30.233.179,
ip_31,139.224.193.183,
ip_32,45.67.230.151,
ip_33,5.252.179.217,
ip_34,185.165.190.101,
ip_35,46.183.222.82,
ip_36,51.222.85.87,
ip_37,146.0.75.236,
ip_38,221.219.213.178,
ip_39,185.250.148.114,
ip_40,185.225.19.100,
ip_41,45.12.32.207,
ip_42,116.202.251.27,
ip_43,111.90.151.90,
ip_44,146.185.195.29,
ip_45,104.149.170.178,
ip_46,47.97.62.54,
ip_47,103.140.187.26,
ip_48,179.43.128.26,
ip_49,125.227.64.158,
ip_50,185.117.73.195,蔓灵花
ip_51,192.236.249.173,
ip_52,94.140.114.22,
ip_53,51.255.3.62,
ip_54,23.82.189.4,
ip_55,45.11.19.170,
ip_56,64.44.131.109,
ip_57,23.152.0.221,
ip_58,23.83.133.128,
ip_59,193.142.58.38,
ip_60,79.141.168.109,
ip_61,160.20.147.231,
ip_62,193.142.58.186,
ip_63,144.91.65.101,
ip_64,23.226.135.100,
ip_65,23.226.136.100,
ip_66,23.82.141.164,
ip_67,82.221.136.27,
ip_68,162.213.251.226,
ip_69,72.11.134.216,
ip_70,162.0.229.203,
ip_71,82.221.136.4,
ip_72,63.250.38.240,
ip_73,188.241.68.127,
ip_74,91.211.88.71,
ip_75,162.222.215.134,
ip_76,216.238.102.51,毒云藤
ip_77,45.32.125.42,
ip_78,35.243.123.79,
ip_79,108.61.193.242,
ip_80,172.105.228.61,
ip_81,95.179.243.142,
ip_82,23.254.228.40,
ip_83,149.28.173.126,
ip_84,192.248.150.143,
ip_85,167.179.101.166,
ip_86,217.69.7.193,
ip_87,136.244.81.224,
ip_88,45.32.110.85,
ip_89,45.56.114.70,
ip_90,192.236.147.101,
ip_91,149.28.139.249,
ip_92,66.42.62.103,
ip_93,96.30.198.27,
ip_94,31.220.53.156,
ip_95,23.254.224.202,
ip_96,192.236.176.84,
ip_97,104.168.149.240,
ip_98,165.227.38.13,
ip_99,45.76.90.194,
ip_100,139.180.207.4,
ip_101,104.200.29.128,
ip_102,172.105.172.29,
ip_103,199.247.2.78,
ip_104,108.160.137.182,
ip_105,158.247.210.112,
ip_106,45.77.241.185,
ip_107,95.179.152.14,
ip_108,172.104.33.58,
ip_109,104.238.161.26,
ip_110,167.179.75.12,
ip_111,45.76.219.76,
ip_112,45.77.172.40,
ip_113,108.61.201.91,
ip_114,149.28.121.185,
ip_115,144.202.4.6,
ip_116,155.138.128.101,
ip_117,149.28.154.5,
ip_118,45.76.51.47,
ip_119,45.76.66.60,
ip_120,45.32.27.69,
ip_121,45.32.26.132,
ip_122,167.179.101.49,
ip_123,139.180.214.245,
ip_124,45.32.28.119,
ip_125,149.28.36.134,
ip_126,91.193.18.248,响尾蛇
ip_127,136.144.41.177,
ip_128,46.30.189.247,
ip_129,45.86.163.115,
ip_130,185.225.17.46,
ip_131,91.208.52.217,
ip_132,45.159.48.19,
ip_133,185.163.45.46,
ip_134,5.2.70.111,
ip_135,45.155.173.197,
ip_136,91.208.52.78,
ip_137,185.225.17.227,
ip_138,198.252.108.29,
ip_139,193.142.58.139,
ip_140,45.147.228.127,
ip_141,185.248.100.149,
ip_142,92.118.190.160,
ip_143,5.182.206.168,
ip_144,212.83.46.184,
ip_145,92.118.190.118,
ip_146,45.138.172.23,
ip_147,45.159.48.22,
ip_148,62.113.255.106,
ip_149,158.255.211.42,
ip_150,103.199.16.30,
ip_151,185.225.19.142,
ip_152,83.171.239.231,
ip_153,45.86.163.49,
ip_154,213.170.133.190,
ip_155,46.30.188.169,
ip_156,5.2.75.227,
ip_157,94.158.245.204,
ip_158,190.211.254.170,
ip_159,185.225.17.85,
ip_160,91.208.52.215,
ip_161,5.252.179.18,
ip_162,92.118.190.122,
ip_163,94.158.245.188,
ip_164,185.163.45.42,
ip_165,103.25.60.137,
ip_166,185.243.112.90,
ip_167,185.158.114.118,
ip_168,134.255.235.156,
ip_169,203.9.150.233,
ip_170,104.128.189.34,
ip_171,5.181.156.107,
ip_172,213.170.133.173,
ip_173,94.158.245.32,
ip_174,185.225.19.92,
ip_175,5.230.67.191,
ip_176,155.138.219.140,Lazarus
ip_177,162.33.179.165,
ip_178,52.79.92.249,
ip_179,59.30.197.202,
ip_180,54.159.59.99,
ip_181,54.226.210.44,
ip_182,54.80.204.133,
ip_183,174.138.24.107,
ip_184,185.29.8.18,
ip_185,109.248.144.155,
ip_186,13.88.245.250,
ip_187,109.248.144.136,
ip_188,45.57.245.17,
ip_189,193.56.28.32,
ip_190,23.81.246.131,
ip_191,61.81.50.174,
ip_192,15.235.33.14,
ip_193,52.79.118.195,
ip_194,66.181.166.15,
ip_195,200.127.121.99,
ip_196,36.89.85.103,
ip_197,190.13.160.19,
ip_198,178.183.150.169,
ip_199,46.174.235.36,
ip_200,131.161.253.190,
ip_201,200.21.51.38,
ip_202,31.214.138.207,
ip_203,186.71.150.23,
ip_204,81.190.160.139,
ip_205,152.89.247.236,
ip_206,87.98.183.116,
ip_207,78.157.207.15,
ip_208,27.102.70.192,
ip_209,185.12.45.134,
ip_210,173.44.62.102,
ip_211,27.102.66.54,
ip_212,185.208.158.205,
ip_213,198.55.119.112,
ip_214,45.58.112.77,
ip_215,27.102.129.91,
ip_216,52.79.101.146,
ip_217,185.208.158.208,
ip_218,27.102.134.33,
ip_219,34.221.66.33,
ip_220,27.102.113.100,
ip_221,86.106.131.104,
ip_222,23.229.111.197,
ip_223,25.255.77.106,
ip_224,13.233.87.126,
ip_225,27.255.77.106,
ip_226,193.37.212.216,摩诃草
ip_227,212.114.52.20,
ip_228,45.153.241.33,
ip_229,104.143.36.19,
ip_230,191.96.185.219,
ip_231,31.184.234.105,
ip_232,18.118.11.247,
ip_233,3.16.22.120,
ip_234,23.81.246.170,
ip_235,185.177.59.52,
ip_236,195.123.241.68,
ip_237,142.202.191.234,
ip_238,142.202.191.236,
ip_239,64.227.65.60,
ip_240,185.244.131.139,
ip_241,78.108.216.13,
ip_242,194.5.249.163,
ip_243,80.82.68.132,
ip_244,31.214.240.203,
ip_245,195.123.240.6,
ip_246,62.108.35.215,
ip_247,62.109.13.184,
ip_248,80.82.68.32,
ip_249,185.14.31.135,
ip_250,194.87.145.86,
ip_251,85.204.116.188,
ip_252,217.12.209.44,
ip_253,27.124.7.117,
ip_254,82.146.37.128,
ip_255,107.155.137.18,
ip_256,45.43.192.172,
ip_257,185.157.78.135,
ip_258,46.166.163.242,
ip_259,212.129.13.110,
ip_260,45.153.184.67,
ip_261,185.61.148.223,
ip_262,108.62.12.210,
ip_263,176.107.181.213,
ip_264,139.28.36.38,
ip_265,185.29.10.115,
ip_266,212.114.52.148,
ip_267,23.106.123.87,
ip_268,188.241.68.127,
ip_269,91.211.88.71,
ip_270,185.109.144.102,肚脑虫
ip_271,168.100.8.124,
ip_272,5.135.199.0,
ip_273,42.192.53.5,
ip_274,23.83.133.141,
ip_275,66.154.103.106,
ip_276,158.69.30.207,
ip_277,131.153.22.218,
ip_278,51.38.85.227,
ip_279,37.120.198.208,
ip_280,80.255.3.67,
ip_281,37.48.122.145,
ip_282,81.17.30.41,
ip_283,164.68.108.22,
ip_284,178.62.188.181,
ip_285,45.147.229.93,
ip_286,142.202.191.234,
ip_287,88.150.227.96,
ip_288,161.97.164.143,
ip_289,108.177.235.105,
ip_290,51.195.211.91,
ip_291,204.16.247.103,
ip_292,5.135.199.23,
ip_293,66.23.225.108,
ip_294,95.217.221.24,
ip_295,54.38.212.185,
ip_296,168.119.176.54,
ip_297,135.181.198.146,
ip_298,167.99.130.191,
ip_299,45.138.172.7,
ip_300,134.122.41.171,
ip_301,185.236.203.236,
ip_302,142.93.12.211,
ip_303,188.241.68.127,
ip_304,91.211.88.71,
ip_305,198.71.142.150,黑店
ip_306,185.198.56.191,
ip_307,46.148.20.53,人面狮
ip_308,91.121.216.0,
ip_309,91.120.216.0,
ip_310,91.119.216.0,
ip_311,91.121.40.141,
ip_312,13.90.196.81,
ip_313,194.31.59.5,
ip_314,91.239.24.0,
ip_315,91.239.24.70,
ip_316,91.120.56.0,
ip_317,91.121.56.0,
ip_318,176.121.14.95,
ip_319,87.98.148.0,
ip_320,213.32.66.16,
ip_321,87.96.148.0,
ip_322,185.67.2.156,
ip_323,185.102.136.67,
ip_324,23.163.0.59,奇幻熊
ip_325,69.16.243.33,
ip_326,146.185.253.132,
ip_327,5.104.105.195,
ip_328,169.239.129.121,
ip_329,188.214.30.76,
ip_330,77.83.247.81,
ip_331,158.58.173.40,
ip_332,193.29.187.60,
ip_333,195.154.250.89,
ip_334,93.115.28.161,
ip_335,185.233.185.21,
ip_336,185.141.63.47,
ip_337,192.145.125.42,
ip_338,45.6.16.68,
ip_339,95.141.36.180,
ip_340,5.149.253.45,
ip_341,80.255.3.94,
ip_342,194.33.40.72,
ip_343,23.227.196.215,
ip_344,45.32.129.185,
ip_345,103.41.177.43,
ip_346,188.241.58.170,
ip_347,89.249.65.234,
ip_348,176.31.225.204,
ip_349,220.158.216.127,
ip_350,213.226.100.140,
ip_351,193.56.28.25,
ip_352,34.243.239.199,
ip_353,195.191.235.155,
ip_354,89.37.226.148,
ip_355,185.205.209.172,
ip_356,194.32.78.245,
ip_357,31.7.62.103,
ip_358,185.86.149.125,
ip_359,82.118.242.171,
ip_360,185.234.52.168,
ip_361,185.221.202.36,
ip_362,185.216.35.26,
ip_363,89.34.111.160,
ip_364,45.33.0.151,蓝宝菇
ip_365,172.105.0.200,
ip_366,142.93.201.77,APT37
ip_367,69.175.35.98,魔罗桫
ip_368,23.81.246.170,
ip_369,209.58.169.92,
ip_370,23.106.124.194,
ip_371,23.82.140.14,
ip_372,45.147.231.232,
ip_373,23.82.19.250,
ip_374,45.84.204.148,
ip_375,188.241.68.127,
ip_376,91.211.88.71,
ip_377,5.252.177.25,CozyBear
ip_378,45.123.190.168,
ip_379,141.98.212.55,
ip_380,209.58.186.196,
ip_381,195.206.181.169,
ip_382,139.99.178.56,
ip_383,45.32.59.31,
ip_384,139.99.167.177,
ip_385,159.65.184.99,
ip_386,103.232.53.230,
ip_387,45.179.89.37,
ip_388,13.67.239.91,
ip_389,37.120.247.163,
ip_390,51.195.68.217,
ip_391,185.193.126.172,
ip_392,79.141.168.109,
ip_393,188.34.185.85,
ip_394,212.103.61.74,
ip_395,23.29.115.180,
ip_396,104.237.218.74,
ip_397,192.154.224.126,
ip_398,156.96.46.116,
ip_399,23.82.128.144,
ip_400,37.59.225.51,
ip_401,51.38.85.225,
ip_402,188.68.250.182,
ip_403,45.135.167.27,
ip_404,31.42.177.114,
ip_405,81.17.30.46,
ip_406,190.183.61.30,
ip_407,45.80.148.166,
ip_408,37.120.247.135,
ip_409,185.243.215.198,
ip_410,51.254.241.158,
ip_411,91.234.254.144,
ip_412,51.89.50.153,
ip_413,185.158.250.239,
ip_414,194.135.81.18,
ip_415,79.143.87.166,
ip_416,54.38.137.218,
ip_417,23.106.123.15,
ip_418,119.160.234.163,
ip_419,141.255.164.36,
ip_420,89.33.246.82,
ip_421,152.44.45.10,
ip_422,164.132.135.102,
ip_423,169.239.128.132,
ip_424,51.89.115.119,
ip_425,185.140.55.35,
ip_426,169.239.129.121,
ip_427,45.153.241.162,Turla
ip_428,149.154.157.11,
ip_429,79.110.52.218,
ip_430,82.146.35.240,
ip_431,212.21.52.110,
ip_432,134.209.222.206,
ip_433,37.59.60.199,
ip_434,85.222.235.156,
ip_435,185.141.62.32,
ip_436,185.106.122.113,
ip_437,84.200.2.12,
ip_438,138.201.44.30,
ip_439,94.249.192.182,
ip_440,82.137.255.0,拍拍熊
ip_441,144.91.65.101,
ip_442,82.137.255.56,黄金鼠
ip_443,82.137.218.185,
ip_444,89.38.149.227,
ip_445,205.251.145.29,
ip_446,94.177.251.146,
ip_447,138.68.234.128,OilRig
ip_448,185.198.59.121,
ip_449,23.19.58.17,
ip_450,23.19.58.18,
ip_451,193.239.84.207,
ip_452,96.9.255.246,
ip_453,35.35.48.110,
ip_454,48.32.32.32,
ip_455,95.211.104.253,
ip_456,185.205.210.46,
ip_457,95.179.177.157,
ip_458,46.30.189.92,
ip_459,3.129.246.94,MuddyWater
ip_460,164.132.237.64,
ip_461,91.121.240.104,
ip_462,107.174.68.60,
ip_463,192.227.147.152,
ip_464,185.198.57.75,
ip_465,185.183.96.34,
ip_466,185.45.192.228,
ip_467,88.119.170.124,
ip_468,178.32.30.3,
ip_469,185.118.164.195,
ip_470,185.183.97.25,
ip_471,5.199.133.149,
ip_472,95.181.161.81,
ip_473,87.236.212.22,
ip_474,192.210.191.188,
ip_475,95.181.161.49,
ip_476,185.25.51.108,
ip_477,89.163.252.232,
ip_478,185.118.164.21,
ip_479,45.142.212.61,
ip_480,80.85.158.49,
ip_481,95.181.161.50,
ip_482,45.142.213.17,
ip_483,185.141.27.143,
ip_484,46.166.129.159,
ip_485,88.119.171.213,
ip_486,88.119.175.112,
ip_487,87.236.212.184,
ip_488,95.181.16.81,
ip_489,45.153.231.104,
ip_490,185.183.96.44,
ip_491,185.118.167.120,
ip_492,185.141.27.211,
ip_493,185.118.164.213,
ip_494,149.202.242.84,
ip_495,185.118.164.165,
ip_496,172.245.81.135,
ip_497,7.236.212.22,
ip_498,137.74.131.16,
ip_499,185.247.137.89,
ip_500,51.255.219.222,
ip_501,185.117.73.74,
ip_502,185.117.75.101,
ip_503,89.33.246.82,
ip_504,23.95.215.100,
ip_505,185.183.96.28,
ip_506,23.94.50.197,
ip_507,185.183.98.242,
ip_508,136.243.108.11,APT35
ip_509,136.243.108.9,
ip_510,159.69.105.181,
ip_511,136.243.108.12,
ip_512,136.243.108.14,
ip_513,136.243.108.10,
ip_514,195.201.46.42,
ip_515,136.243.108.13,
ip_516,173.209.51.54,
ip_517,138.201.145.183,
ip_518,107.173.231.114,
ip_519,138.124.184.220,
ip_520,185.117.90.187,
ip_521,148.251.71.182,
ip_522,182.54.217.2,
ip_523,162.55.137.20,
ip_524,162.55.136.233,
ip_525,91.214.124.143,
ip_526,169.51.60.221,
ip_527,45.77.76.158,
ip_528,54.38.49.6,
ip_529,144.217.138.155,
ip_530,144.217.139.155,
ip_531,37.139.3.208,
ip_532,86.57.38.156,
ip_533,185.141.63.8,
ip_534,139.59.46.154,
ip_535,134.19.188.242,
ip_536,134.19.188.243,
ip_537,134.19.188.244,
ip_538,109.202.99.98,
ip_539,54.37.164.254,
ip_540,134.19.188.246,
ip_541,213.152.176.205,
ip_542,185.23.214.188,
ip_543,213.152.176.206,
ip_544,146.59.185.15,
ip_545,146.59.185.19,
ip_546,185.23.214.187,
ip_547,54.226.210.44,APT38
ip_548,54.80.204.133,
ip_549,174.138.24.107,
ip_550,66.181.166.15,
ip_551,163.25.24.44,
ip_552,186.183.185.94,
ip_553,45.238.25.2,
ip_554,118.70.116.154,
ip_555,139.180.164.131,
ip_556,45.61.138.207,
ip_557,45.61.136.204,
ip_558,84.201.189.216,
ip_559,103.130.195.170,
ip_560,45.58.52.188,Kimsuky
ip_561,27.102.112.44,
ip_562,79.133.41.248,
ip_563,79.133.41.237,
ip_564,64.14.211.175,
ip_565,37.172.80.104,
ip_566,31.172.80.100,
ip_567,27.255.81.109,
ip_568,23.106.122.239,
ip_569,27.102.112.58,
ip_570,27.102.129.221,
ip_571,27.102.107.63,
ip_572,45.58.55.73,
ip_573,198.20.167.150,
ip_574,27.102.129.225,
ip_575,1.234.66.18,
ip_576,27.102.127.240,
ip_577,210.16.120.251,
ip_578,104.128.239.70,
ip_579,27.102.102.70,
ip_580,27.102.114.79,
ip_581,27.255.81.71,
ip_582,27.102.128.169,
ip_583,31.172.80.104,
ip_584,61.14.211.175,
ip_585,27.102.107.26,
ip_586,27.102.114.89,
ip_587,216.189.149.78,
ip_588,27.102.114.63,
ip_589,27.255.65.110,
ip_590,210.16.121.137,
ip_591,58.229.208.146,
ip_592,216.189.157.89,
ip_593,210.16.120.34,
ip_594,151.236.30.164,
ip_595,151.236.30.224,
ip_596,173.205.125.124,
ip_597,107.181.160.75,FIN7
ip_598,79.134.225.126,
ip_599,85.14.253.178,
ip_600,205.185.117.138,
ip_601,206.54.191.37,
ip_602,185.250.151.126,
ip_603,199.80.55.66,
ip_604,185.53.46.100,
ip_605,138.124.180.127,
ip_606,37.1.213.194,
ip_607,185.233.80.149,
ip_608,185.232.170.24,
ip_609,45.142.215.148,
ip_610,5.252.177.215,
ip_611,206.54.190.230,
ip_612,207.246.92.213,
ip_613,31.184.234.71,
ip_614,185.130.104.174,
ip_615,172.86.75.175,
ip_616,107.189.11.206,
ip_617,194.165.16.113,
ip_618,194.165.16.134,
ip_619,195.54.162.79,
ip_620,31.184.234.66,
ip_621,179.43.140.82,
ip_622,94.140.120.132,
ip_623,108.170.20.89,
ip_624,37.252.4.131,
ip_625,195.123.240.46,
ip_626,195.123.243.169,
ip_627,185.16.40.108,
ip_628,185.33.87.24,
ip_629,185.225.17.78,
ip_630,37.1.210.119,
ip_631,185.203.118.54,
ip_632,195.123.234.24,
ip_633,45.133.203.121,
ip_634,195.123.214.181,
ip_635,185.33.84.43,
ip_636,136.244.81.250,
ip_637,108.61.148.97,
ip_638,185.156.177.132,
ip_639,204.155.31.167,
ip_640,78.46.120.20,
ip_641,192.248.188.166,
ip_642,91.192.100.62,
ip_643,138.201.44.4,
ip_644,89.163.214.57,
ip_645,195.123.227.40,
ip_646,85.93.2.148,
ip_647,45.153.231.111,双尾蝎
ip_648,79.133.41.250,
ip_649,91.241.19.49,盲眼鹰
ip_650,128.90.115.36,
ip_651,62.197.136.252,
ip_652,181.130.9.145,
ip_653,2.56.59.208,
ip_654,2.56.57.27,
ip_655,45.147.231.85,
ip_656,185.136.171.110,
ip_657,181.131.217.174,
ip_658,103.151.124.233,
ip_659,181.130.5.112,
ip_660,128.90.115.100,
